Datetime,Water Level (m)
2025-06-23 12:00:00,0.86749786
2025-06-23 13:00:00,1.1165832
2025-06-23 14:00:00,1.1485447
2025-06-23 15:00:00,0.8880834
2025-06-23 16:00:00,0.4728116
2025-06-23 17:00:00,0.039858963
2025-06-23 18:00:00,-0.3611103
2025-06-23 19:00:00,-0.6565014
2025-06-23 20:00:00,-0.71905077
2025-06-23 21:00:00,-0.45078316
2025-06-23 22:00:00,0.031604107
2025-06-23 23:00:00,0.5649001
2025-06-24 00:00:00,1.068429
2025-06-24 01:00:00,1.4422349
2025-06-24 02:00:00,1.6055602
2025-06-24 03:00:00,1.528266
2025-06-24 04:00:00,1.2100163
2025-06-24 05:00:00,0.7482007
2025-06-24 06:00:00,0.2704927
2025-06-24 07:00:00,-0.16264847
2025-06-24 08:00:00,-0.48951265
2025-06-24 09:00:00,-0.550637
2025-06-24 10:00:00,-0.26549023
2025-06-24 11:00:00,0.194134
2025-06-24 12:00:00,0.65936095
2025-06-24 13:00:00,1.0421699
2025-06-24 14:00:00,1.2240719
2025-06-24 15:00:00,1.154367
2025-06-24 16:00:00,0.8416822
2025-06-24 17:00:00,0.42671978
2025-06-24 18:00:00,0.005179901
2025-06-24 19:00:00,-0.3954164
2025-06-24 20:00:00,-0.7081954
2025-06-24 21:00:00,-0.7842706
2025-06-24 22:00:00,-0.48932424
2025-06-24 23:00:00,0.04460572
2025-06-25 00:00:00,0.6239776
2025-06-25 01:00:00,1.1831088
2025-06-25 02:00:00,1.5899965
2025-06-25 03:00:00,1.7211021
2025-06-25 04:00:00,1.536066
2025-06-25 05:00:00,1.0975165
2025-06-25 06:00:00,0.5644569
2025-06-25 07:00:00,0.056305517
2025-06-25 08:00:00,-0.3714664
2025-06-25 09:00:00,-0.65693593
2025-06-25 10:00:00,-0.6711754
2025-06-25 11:00:00,-0.34647283
2025-06-25 12:00:00,0.15379657
2025-06-25 13:00:00,0.63169336
2025-06-25 14:00:00,1.0021311
2025-06-25 15:00:00,1.1682006
2025-06-25 16:00:00,1.0593526
2025-06-25 17:00:00,0.6972346
2025-06-25 18:00:00,0.26173094
2025-06-25 19:00:00,-0.15840605
2025-06-25 20:00:00,-0.5513349
2025-06-25 21:00:00,-0.8306388
2025-06-25 22:00:00,-0.81433386
2025-06-25 23:00:00,-0.43431133
2025-06-26 00:00:00,0.11273229
2025-06-26 01:00:00,0.6878306
2025-06-26 02:00:00,1.2329704
2025-06-26 03:00:00,1.6029097
2025-06-26 04:00:00,1.6683517
2025-06-26 05:00:00,1.3928357
2025-06-26 06:00:00,0.91048855
2025-06-26 07:00:00,0.4036582
2025-06-26 08:00:00,-0.07265658
2025-06-26 09:00:00,-0.49184254
2025-06-26 10:00:00,-0.75485396
2025-06-26 11:00:00,-0.7128093
2025-06-26 12:00:00,-0.32490987
2025-06-26 13:00:00,0.20331042
2025-06-26 14:00:00,0.6978494
2025-06-26 15:00:00,1.0665963
2025-06-26 16:00:00,1.1864136
2025-06-26 17:00:00,1.0100572
2025-06-26 18:00:00,0.60560244
2025-06-26 19:00:00,0.17045283
2025-06-26 20:00:00,-0.24575345
2025-06-26 21:00:00,-0.6072906
2025-06-26 22:00:00,-0.82250357
2025-06-26 23:00:00,-0.7211589
2025-06-27 00:00:00,-0.29231015
2025-06-27 01:00:00,0.25672564
2025-06-27 02:00:00,0.8419178
2025-06-27 03:00:00,1.3599663
2025-06-27 04:00:00,1.6643406
2025-06-27 05:00:00,1.6251209
2025-06-27 06:00:00,1.2579008
2025-06-27 07:00:00,0.7474071
2025-06-27 08:00:00,0.23884326
2025-06-27 09:00:00,-0.22133154
2025-06-27 10:00:00,-0.59639275
2025-06-27 11:00:00,-0.7734986
2025-06-27 12:00:00,-0.6108129
2025-06-27 13:00:00,-0.15226345
2025-06-27 14:00:00,0.35757434
2025-06-27 15:00:00,0.80736566
2025-06-27 16:00:00,1.1041493
2025-06-27 17:00:00,1.1610178
2025-06-27 18:00:00,0.9259838
2025-06-27 19:00:00,0.52677983
2025-06-27 20:00:00,0.10557942
2025-06-27 21:00:00,-0.28934518
2025-06-27 22:00:00,-0.6113876
2025-06-27 23:00:00,-0.7594012
2025-06-28 00:00:00,-0.5676517
2025-06-28 01:00:00,-0.09631877
2025-06-28 02:00:00,0.44829676
2025-06-28 03:00:00,1.020513
2025-06-28 04:00:00,1.4716731
2025-06-28 05:00:00,1.6454277
2025-06-28 06:00:00,1.4871001
2025-06-28 07:00:00,1.0712672
2025-06-28 08:00:00,0.58473676
2025-06-28 09:00:00,0.12161086
2025-06-28 10:00:00,-0.2839855
2025-06-28 11:00:00,-0.5974268
2025-06-28 12:00:00,-0.68411595
2025-06-28 13:00:00,-0.42542377
2025-06-28 14:00:00,0.045915335
2025-06-28 15:00:00,0.52113277
2025-06-28 16:00:00,0.9325444
2025-06-28 17:00:00,1.1564609
2025-06-28 18:00:00,1.1271297
2025-06-28 19:00:00,0.8541602
2025-06-28 20:00:00,0.4708359
2025-06-28 21:00:00,0.09586875
2025-06-28 22:00:00,-0.25243604
2025-06-28 23:00:00,-0.5172519
2025-06-29 00:00:00,-0.5672968
2025-06-29 01:00:00,-0.30050352
2025-06-29 02:00:00,0.16660388
2025-06-29 03:00:00,0.68223584
2025-06-29 04:00:00,1.1807258
2025-06-29 05:00:00,1.522163
2025-06-29 06:00:00,1.5761055
2025-06-29 07:00:00,1.3237973
2025-06-29 08:00:00,0.9018614
2025-06-29 09:00:00,0.4543646
2025-06-29 10:00:00,0.0486416
2025-06-29 11:00:00,-0.32045326
2025-06-29 12:00:00,-0.5510591
